id,name,surname,email,country,city,address
1,Emma,Schmidt,edertsiz1@gmail.com,Germany,Essen,"Essen"
2,Liam,Weber,edertsiz1@gmail.com,Germany,Berlin,"Torstraße 123, 10119 Berlin"
3,Sophie,Müller,sophie.m@gmail.com,Germany,Berlin,"Oranienburger Str. 65, 10117 Berlin"
4,Noah,Fischer,noah.fischer@yahoo.com,Germany,Berlin,"Friedrichstraße 180, 10117 Berlin"
5,Mia,Wagner,mia.wagner@gmail.com,Germany,Berlin,"Prenzlauer Allee 87, 10405 Berlin"
6,Felix,Becker,f.becker@gmail.com,Germany,Berlin,"Kastanienallee 42, 10435 Berlin"
7,Hannah,Koch,hannah.k@outlook.com,Germany,Berlin,"Warschauer Str. 55, 10243 Berlin"
8,Paul,Schulz,p.schulz@gmail.com,Germany,Berlin,"Schönhauser Allee 143, 10437 Berlin"
9,Laura,Meyer,laura.meyer@yahoo.com,Germany,Berlin,"Bergmannstraße 98, 10961 Berlin"
10,Max,Hoffmann,max.h@gmail.com,Germany,Berlin,"Invalidenstraße 43, 10115 Berlin"
11,Anna,Richter,anna.r@outlook.com,Germany,Berlin,"Karl-Marx-Allee 90, 10243 Berlin"
12,David,Klein,d.klein@gmail.com,Germany,Berlin,"Boxhagener Str. 76, 10245 Berlin"
13,Julia,Wolf,julia.wolf@gmail.com,Germany,Berlin,"Greifswalder Str. 220, 10405 Berlin"
14,Tom,Schröder,tom.s@yahoo.com,Germany,Berlin,"Danziger Str. 56, 10435 Berlin"
15,Lisa,Neumann,lisa.n@gmail.com,Germany,Berlin,"Frankfurter Allee 111, 10247 Berlin "
